{"cameraMode":{"drawMode":0,"name":"Shaded","section":"Shading Mode"},"sceneLighting":false,"audioPlay":false,"sceneViewState":{"m_AlwaysRefresh":false,"showFog":true,"showSkybox":false,"showFlares":true,"showImageEffects":true,"showParticleSystems":true,"showVisualEffectGraphs":true,"m_FxEnabled":true},"in2DMode":false,"pivot":{"x":0.011796891689300537,"y":1.499318242073059,"z":0.029974818229675294},"rotation":{"x":-0.2530508041381836,"y":0.23983857035636903,"z":-0.06491033732891083,"w":-0.9350029230117798},"size":0.9957302212715149,"orthographic":false}